Version : 8,,,,,,,,,,,,,,,,,,,,,,,,,,,,,,,,,,,,,,,,,,,,,,,,,,,,,,,,,,,,,,,,,,,,,,,,,,,,,,,,,,,,,,,,,,,,,
Business (Information required for Style Creation/Legal Compliance/Order Tracking),,,,,,,,,,,,,,,,,,,,,,,,,,,,,,,Discoverability - Attributes required for Product Description and Cataloguing,,,,,,,,,,,,,,,,,,,,,,,,,,,,,,,,,,,,,,,,,,,,,,,,Sizing - Mandatory Measurements,,,,,,,,Imagery - Mandatory Image Angles,,,,,,
styleId,styleGroupId,vendorSkuCode,vendorArticleNumber,vendorArticleName,brand,Manufacturer Name and Address with Pincode,Packer Name and Address with Pincode,Importer Name and Address with Pincode,Country Of Origin,Country Of Origin2,Country Of Origin3,Country Of Origin4,Country Of Origin5,articleType,Brand Size,Standard Size,is Standard Size present on Label,Brand Colour (Remarks),GTIN,HSN,SKUCode,MRP,AgeGroup,Prominent Colour,Second Prominent Colour,Third Prominent Colour,FashionType,Usage,Year,season,Product Details,styleNote,materialCareDescription,sizeAndFitDescription,productDisplayName,tags,addedDate,Color Variant GroupId,Fabric,Collar,Sleeve Length,Sleeve Styling,Pattern,Fit,Occasion,Weave Pattern,Fabric 2,Brand Fit Name,Surface Styling,Length,Hemline,Placket,Print or Pattern Type,Main Trend,Wash Care,Placket Length,Cuff,Transparency,Pocket Type,Body or Garment Size,Number of Pockets,Stitch,Add-Ons,Sustainable,Character,Number of Items,Features,Net Quantity Unit,Theme,Contact Brand or Retailer for pre-sales product queries,Where-to-wear,Style Tip,Collection Name,Package Contains,BIS Expiry Date,BIS Certificate Image URL,BIS Certificate Number,Net Quantity,Across Shoulder ( Inches ),Bust ( Inches ),Chest ( Inches ),Front Length ( Inches ),Sleeve-Length ( Inches ),To Fit Bust ( Inches ),To Fit Waist ( Inches ),Waist ( Inches ),Front Image,Side Image,Back Image,Detail Angle,Look Shot Image,Additional Image 1,Additional Image 2
5023,SH00OW5023,SH00OW5023XS,SH00OW5023XS,Zummer Cotton Off White Floral Print Shirt,ZUMMER,"Zummer International Private Limited, B-4033, Aashirwad Textile Market, Opp. Landmark  Empires, Puna Khumbhariya, Near Tata Showroom, Magob, Surat, Gujarat 395010","Zummer International Private Limited, B-4033, Aashirwad Textile Market, Opp. Landmark  Empires, Puna Khumbhariya, Near Tata Showroom, Magob, Surat, Gujarat 395010",,India,,,,,Shirts,XS,XS,Yes,Off White,,61062010,SH00OW5023,2199,Adults-Women,Off White,White,Pink,Fashion,Travel,2025,Summer,Zummer Cotton Off White Floral Print Shirt,,100% Cotton,,,,,,Cotton,Club Collar,Short Sleeves,Regular Sleeves,Printed,Regular Fit,Casual,Regular,NA,Comfort,NA,Regular,Straight,Button Placket,Floral,Floral Print,Machine Wash,Full,No Cuff,Opaque,NA,Garment Measurements in,NA,Ready to Wear,NA,Regular,NA,1,NA,,NA,,,,,1 Shirt,,,,,13.5,34,34,21,10,32,26,23,,,,,,,
5023,SH00OW5023,SH00OW5023S,SH00OW5023S,Zummer Cotton Off White Floral Print Shirt,ZUMMER,"Zummer International Private Limited, B-4033, Aashirwad Textile Market, Opp. Landmark  Empires, Puna Khumbhariya, Near Tata Showroom, Magob, Surat, Gujarat 395010","Zummer International Private Limited, B-4033, Aashirwad Textile Market, Opp. Landmark  Empires, Puna Khumbhariya, Near Tata Showroom, Magob, Surat, Gujarat 395010",,India,,,,,Shirts,S,S,Yes,Off White,,61062010,SH00OW5023,2199,Adults-Women,Off White,White,Pink,Fashion,Travel,2025,Summer,Zummer Cotton Off White Floral Print Shirt,,100% Cotton,,,,,,Cotton,Club Collar,Short Sleeves,Regular Sleeves,Printed,Regular Fit,Casual,Regular,NA,Comfort,NA,Regular,Straight,Button Placket,Floral,Floral Print,Machine Wash,Full,No Cuff,Opaque,NA,Garment Measurements in,NA,Ready to Wear,NA,Regular,NA,1,NA,,NA,,,,,1 Shirt,,,,,14,36,36,21,10,34,28,25,,,,,,,
5023,SH00OW5023,SH00OW5023M,SH00OW5023M,Zummer Cotton Off White Floral Print Shirt,ZUMMER,"Zummer International Private Limited, B-4033, Aashirwad Textile Market, Opp. Landmark  Empires, Puna Khumbhariya, Near Tata Showroom, Magob, Surat, Gujarat 395010","Zummer International Private Limited, B-4033, Aashirwad Textile Market, Opp. Landmark  Empires, Puna Khumbhariya, Near Tata Showroom, Magob, Surat, Gujarat 395010",,India,,,,,Shirts,M,M,Yes,Off White,,61062010,SH00OW5023,2199,Adults-Women,Off White,White,Pink,Fashion,Travel,2025,Summer,Zummer Cotton Off White Floral Print Shirt,,100% Cotton,,,,,,Cotton,Club Collar,Short Sleeves,Regular Sleeves,Printed,Regular Fit,Casual,Regular,NA,Comfort,NA,Regular,Straight,Button Placket,Floral,Floral Print,Machine Wash,Full,No Cuff,Opaque,NA,Garment Measurements in,NA,Ready to Wear,NA,Regular,NA,1,NA,,NA,,,,,1 Shirt,,,,,14.5,38,38,21.5,10.5,36,30,27,,,,,,,
5023,SH00OW5023,SH00OW5023L,SH00OW5023L,Zummer Cotton Off White Floral Print Shirt,ZUMMER,"Zummer International Private Limited, B-4033, Aashirwad Textile Market, Opp. Landmark  Empires, Puna Khumbhariya, Near Tata Showroom, Magob, Surat, Gujarat 395010","Zummer International Private Limited, B-4033, Aashirwad Textile Market, Opp. Landmark  Empires, Puna Khumbhariya, Near Tata Showroom, Magob, Surat, Gujarat 395010",,India,,,,,Shirts,L,L,Yes,Off White,,61062010,SH00OW5023,2199,Adults-Women,Off White,White,Pink,Fashion,Travel,2025,Summer,Zummer Cotton Off White Floral Print Shirt,,100% Cotton,,,,,,Cotton,Club Collar,Short Sleeves,Regular Sleeves,Printed,Regular Fit,Casual,Regular,NA,Comfort,NA,Regular,Straight,Button Placket,Floral,Floral Print,Machine Wash,Full,No Cuff,Opaque,NA,Garment Measurements in,NA,Ready to Wear,NA,Regular,NA,1,NA,,NA,,,,,1 Shirt,,,,,15,40,40,21.5,10.5,38,32,29,,,,,,,
5023,SH00OW5023,SH00OW5023XL,SH00OW5023XL,Zummer Cotton Off White Floral Print Shirt,ZUMMER,"Zummer International Private Limited, B-4033, Aashirwad Textile Market, Opp. Landmark  Empires, Puna Khumbhariya, Near Tata Showroom, Magob, Surat, Gujarat 395010","Zummer International Private Limited, B-4033, Aashirwad Textile Market, Opp. Landmark  Empires, Puna Khumbhariya, Near Tata Showroom, Magob, Surat, Gujarat 395010",,India,,,,,Shirts,XL,XL,Yes,Off White,,61062010,SH00OW5023,2199,Adults-Women,Off White,White,Pink,Fashion,Travel,2025,Summer,Zummer Cotton Off White Floral Print Shirt,,100% Cotton,,,,,,Cotton,Club Collar,Short Sleeves,Regular Sleeves,Printed,Regular Fit,Casual,Regular,NA,Comfort,NA,Regular,Straight,Button Placket,Floral,Floral Print,Machine Wash,Full,No Cuff,Opaque,NA,Garment Measurements in,NA,Ready to Wear,NA,Regular,NA,1,NA,,NA,,,,,1 Shirt,,,,,15.5,42,42,22,11,40,34,31,,,,,,,
5187,SH00WH5187,SH00WH5187M,SH00WH5187M,Zummer Cotton White Floral Embroidered Shirt,ZUMMER,"Zummer International Private Limited, B-4033, Aashirwad Textile Market, Opp. Landmark  Empires, Puna Khumbhariya, Near Tata Showroom, Magob, Surat, Gujarat 395010","Zummer International Private Limited, B-4033, Aashirwad Textile Market, Opp. Landmark  Empires, Puna Khumbhariya, Near Tata Showroom, Magob, Surat, Gujarat 395010",,India,,,,,Shirts,M,M,Yes,White,,61062010,SH00WH5187,3299,Adults-Women,White,Off White,Black,Fashion,Smart Casual,2025,Summer,Zummer Cotton White Floral Embroidered Shirt,,100% Cotton,,,,,,Cotton,Spread Collar,Three-Quarter Sleeves,Kimono Sleeves,Solid,Regular Fit,Semiformal,Regular,NA,Smart,Embroidered,Regular,Curved,Button Placket,Floral,New Basics,Dry Clean,Full,French,Opaque,NA,Garment Measurements in,NA,Ready to Wear,NA,Regular,NA,1,NA,,NA,,,,,1 Shirt,,,,,,52,52,28,18,36,30,27,,,,,,,
5187,SH00WH5187,SH00WH5187L,SH00WH5187L,Zummer Cotton White Floral Embroidered Shirt,ZUMMER,"Zummer International Private Limited, B-4033, Aashirwad Textile Market, Opp. Landmark  Empires, Puna Khumbhariya, Near Tata Showroom, Magob, Surat, Gujarat 395010","Zummer International Private Limited, B-4033, Aashirwad Textile Market, Opp. Landmark  Empires, Puna Khumbhariya, Near Tata Showroom, Magob, Surat, Gujarat 395010",,India,,,,,Shirts,L,L,Yes,White,,61062010,SH00WH5187,3299,Adults-Women,White,Off White,Black,Fashion,Smart Casual,2025,Summer,Zummer Cotton White Floral Embroidered Shirt,,100% Cotton,,,,,,Cotton,Spread Collar,Three-Quarter Sleeves,Kimono Sleeves,Solid,Regular Fit,Semiformal,Regular,NA,Smart,Embroidered,Regular,Curved,Button Placket,Floral,New Basics,Dry Clean,Full,French,Opaque,NA,Garment Measurements in,NA,Ready to Wear,NA,Regular,NA,1,NA,,NA,,,,,1 Shirt,,,,,,54,54,28,18,38,32,29,,,,,,,
5187,SH00WH5187,SH00WH5187XL,SH00WH5187XL,Zummer Cotton White Floral Embroidered Shirt,ZUMMER,"Zummer International Private Limited, B-4033, Aashirwad Textile Market, Opp. Landmark  Empires, Puna Khumbhariya, Near Tata Showroom, Magob, Surat, Gujarat 395010","Zummer International Private Limited, B-4033, Aashirwad Textile Market, Opp. Landmark  Empires, Puna Khumbhariya, Near Tata Showroom, Magob, Surat, Gujarat 395010",,India,,,,,Shirts,XL,XL,Yes,White,,61062010,SH00WH5187,3299,Adults-Women,White,Off White,Black,Fashion,Smart Casual,2025,Summer,Zummer Cotton White Floral Embroidered Shirt,,100% Cotton,,,,,,Cotton,Spread Collar,Three-Quarter Sleeves,Kimono Sleeves,Solid,Regular Fit,Semiformal,Regular,NA,Smart,Embroidered,Regular,Curved,Button Placket,Floral,New Basics,Dry Clean,Full,French,Opaque,NA,Garment Measurements in,NA,Ready to Wear,NA,Regular,NA,1,NA,,NA,,,,,1 Shirt,,,,,,56,56,28,18,40,34,31,,,,,,,
5187,SH00WH5187,SH00WH5187XXL,SH00WH5187XXL,Zummer Cotton White Floral Embroidered Shirt,ZUMMER,"Zummer International Private Limited, B-4033, Aashirwad Textile Market, Opp. Landmark  Empires, Puna Khumbhariya, Near Tata Showroom, Magob, Surat, Gujarat 395010","Zummer International Private Limited, B-4033, Aashirwad Textile Market, Opp. Landmark  Empires, Puna Khumbhariya, Near Tata Showroom, Magob, Surat, Gujarat 395010",,India,,,,,Shirts,XXL,XXL,Yes,White,,61062010,SH00WH5187,3299,Adults-Women,White,Off White,Black,Fashion,Smart Casual,2025,Summer,Zummer Cotton White Floral Embroidered Shirt,,100% Cotton,,,,,,Cotton,Spread Collar,Three-Quarter Sleeves,Kimono Sleeves,Solid,Regular Fit,Semiformal,Regular,NA,Smart,Embroidered,Regular,Curved,Button Placket,Floral,New Basics,Dry Clean,Full,French,Opaque,NA,Garment Measurements in,NA,Ready to Wear,NA,Regular,NA,1,NA,,NA,,,,,1 Shirt,,,,,,58,58,28,18,42,36,33,,,,,,,
5037,SH00WH5037,SH00WH5037S,SH00WH5037S,Zummer Cotton White Embroidered Shirt,ZUMMER,"Zummer International Private Limited, B-4033, Aashirwad Textile Market, Opp. Landmark  Empires, Puna Khumbhariya, Near Tata Showroom, Magob, Surat, Gujarat 395010","Zummer International Private Limited, B-4033, Aashirwad Textile Market, Opp. Landmark  Empires, Puna Khumbhariya, Near Tata Showroom, Magob, Surat, Gujarat 395010",,India,,,,,Shirts,S,S,Yes,White,,61062010,SH00WH5037,3099,Adults-Women,White,Off White,Black,Fashion,Smart Casual,2025,Summer,Zummer Cotton White Embroidered Shirt,,100% Cotton,,,,,,Cotton,Spread Collar,Long Sleeves,Regular Sleeves,Solid,Regular Fit,Semiformal,Regular,NA,Smart,Embroidered,Regular,Curved,Button Placket,Graphic,New Basics,Dry Clean,Full,Button,Opaque,NA,Garment Measurements in,NA,Ready to Wear,NA,Regular,NA,1,NA,,NA,,,,,1 Shirt,,,,,14,36,36,28,20,34,28,25,,,,,,,
5037,SH00WH5037,SH00WH5037M,SH00WH5037M,Zummer Cotton White Embroidered Shirt,ZUMMER,"Zummer International Private Limited, B-4033, Aashirwad Textile Market, Opp. Landmark  Empires, Puna Khumbhariya, Near Tata Showroom, Magob, Surat, Gujarat 395010","Zummer International Private Limited, B-4033, Aashirwad Textile Market, Opp. Landmark  Empires, Puna Khumbhariya, Near Tata Showroom, Magob, Surat, Gujarat 395010",,India,,,,,Shirts,M,M,Yes,White,,61062010,SH00WH5037,3099,Adults-Women,White,Off White,Black,Fashion,Smart Casual,2025,Summer,Zummer Cotton White Embroidered Shirt,,100% Cotton,,,,,,Cotton,Spread Collar,Long Sleeves,Regular Sleeves,Solid,Regular Fit,Semiformal,Regular,NA,Smart,Embroidered,Regular,Curved,Button Placket,Graphic,New Basics,Dry Clean,Full,Button,Opaque,NA,Garment Measurements in,NA,Ready to Wear,NA,Regular,NA,1,NA,,NA,,,,,1 Shirt,,,,,14.5,38,38,28,20,36,30,27,,,,,,,
5037,SH00WH5037,SH00WH5037L,SH00WH5037L,Zummer Cotton White Embroidered Shirt,ZUMMER,"Zummer International Private Limited, B-4033, Aashirwad Textile Market, Opp. Landmark  Empires, Puna Khumbhariya, Near Tata Showroom, Magob, Surat, Gujarat 395010","Zummer International Private Limited, B-4033, Aashirwad Textile Market, Opp. Landmark  Empires, Puna Khumbhariya, Near Tata Showroom, Magob, Surat, Gujarat 395010",,India,,,,,Shirts,L,L,Yes,White,,61062010,SH00WH5037,3099,Adults-Women,White,Off White,Black,Fashion,Smart Casual,2025,Summer,Zummer Cotton White Embroidered Shirt,,100% Cotton,,,,,,Cotton,Spread Collar,Long Sleeves,Regular Sleeves,Solid,Regular Fit,Semiformal,Regular,NA,Smart,Embroidered,Regular,Curved,Button Placket,Graphic,New Basics,Dry Clean,Full,Button,Opaque,NA,Garment Measurements in,NA,Ready to Wear,NA,Regular,NA,1,NA,,NA,,,,,1 Shirt,,,,,15,40,40,28,20,38,32,29,,,,,,,
5037,SH00WH5037,SH00WH5037XL,SH00WH5037XL,Zummer Cotton White Embroidered Shirt,ZUMMER,"Zummer International Private Limited, B-4033, Aashirwad Textile Market, Opp. Landmark  Empires, Puna Khumbhariya, Near Tata Showroom, Magob, Surat, Gujarat 395010","Zummer International Private Limited, B-4033, Aashirwad Textile Market, Opp. Landmark  Empires, Puna Khumbhariya, Near Tata Showroom, Magob, Surat, Gujarat 395010",,India,,,,,Shirts,XL,XL,Yes,White,,61062010,SH00WH5037,3099,Adults-Women,White,Off White,Black,Fashion,Smart Casual,2025,Summer,Zummer Cotton White Embroidered Shirt,,100% Cotton,,,,,,Cotton,Spread Collar,Long Sleeves,Regular Sleeves,Solid,Regular Fit,Semiformal,Regular,NA,Smart,Embroidered,Regular,Curved,Button Placket,Graphic,New Basics,Dry Clean,Full,Button,Opaque,NA,Garment Measurements in,NA,Ready to Wear,NA,Regular,NA,1,NA,,NA,,,,,1 Shirt,,,,,15.5,42,42,28,20,40,34,31,,,,,,,
5186,SH00BK5186,SH00BK5186M,SH00BK5186M,Zummer Cotton Black Embroidered Shirt,ZUMMER,"Zummer International Private Limited, B-4033, Aashirwad Textile Market, Opp. Landmark  Empires, Puna Khumbhariya, Near Tata Showroom, Magob, Surat, Gujarat 395010","Zummer International Private Limited, B-4033, Aashirwad Textile Market, Opp. Landmark  Empires, Puna Khumbhariya, Near Tata Showroom, Magob, Surat, Gujarat 395010",,India,,,,,Shirts,M,M,Yes,Black,,61062010,SH00BK5186,3299,Adults-Women,Black,Charcoal,Off White,Fashion,Smart Casual,2025,Summer,Zummer Cotton Black Embroidered Shirt,,100% Cotton,,,,,,Cotton,Spread Collar,Long Sleeves,Regular Sleeves,Solid,Oversized,Casual,Regular,NA,Relaxed,Embroidered,Regular,Straight,Button Placket,Floral,New Basics,Dry Clean,Full,Button,Opaque,NA,Garment Measurements in,NA,Ready to Wear,NA,Regular,NA,1,NA,,NA,,,,,1 Shirt,,,,,17,48,48,28,20,34,28,25,,,,,,,
5186,SH00BK5186,SH00BK5186L,SH00BK5186L,Zummer Cotton Black Embroidered Shirt,ZUMMER,"Zummer International Private Limited, B-4033, Aashirwad Textile Market, Opp. Landmark  Empires, Puna Khumbhariya, Near Tata Showroom, Magob, Surat, Gujarat 395010","Zummer International Private Limited, B-4033, Aashirwad Textile Market, Opp. Landmark  Empires, Puna Khumbhariya, Near Tata Showroom, Magob, Surat, Gujarat 395010",,India,,,,,Shirts,L,L,Yes,Black,,61062010,SH00BK5186,3299,Adults-Women,Black,Charcoal,Off White,Fashion,Smart Casual,2025,Summer,Zummer Cotton Black Embroidered Shirt,,100% Cotton,,,,,,Cotton,Spread Collar,Long Sleeves,Regular Sleeves,Solid,Oversized,Casual,Regular,NA,Relaxed,Embroidered,Regular,Straight,Button Placket,Floral,New Basics,Dry Clean,Full,Button,Opaque,NA,Garment Measurements in,NA,Ready to Wear,NA,Regular,NA,1,NA,,NA,,,,,1 Shirt,,,,,17.5,50,50,28,20,36,30,27,,,,,,,
5186,SH00BK5186,SH00BK5186XL,SH00BK5186XL,Zummer Cotton Black Embroidered Shirt,ZUMMER,"Zummer International Private Limited, B-4033, Aashirwad Textile Market, Opp. Landmark  Empires, Puna Khumbhariya, Near Tata Showroom, Magob, Surat, Gujarat 395010","Zummer International Private Limited, B-4033, Aashirwad Textile Market, Opp. Landmark  Empires, Puna Khumbhariya, Near Tata Showroom, Magob, Surat, Gujarat 395010",,India,,,,,Shirts,XL,XL,Yes,Black,,61062010,SH00BK5186,3299,Adults-Women,Black,Charcoal,Off White,Fashion,Smart Casual,2025,Summer,Zummer Cotton Black Embroidered Shirt,,100% Cotton,,,,,,Cotton,Spread Collar,Long Sleeves,Regular Sleeves,Solid,Oversized,Casual,Regular,NA,Relaxed,Embroidered,Regular,Straight,Button Placket,Floral,New Basics,Dry Clean,Full,Button,Opaque,NA,Garment Measurements in,NA,Ready to Wear,NA,Regular,NA,1,NA,,NA,,,,,1 Shirt,,,,,18,52,52,28,20,38,32,29,,,,,,,
5186,SH00BK5186,SH00BK5186XXL,SH00BK5186XXL,Zummer Cotton Black Embroidered Shirt,ZUMMER,"Zummer International Private Limited, B-4033, Aashirwad Textile Market, Opp. Landmark  Empires, Puna Khumbhariya, Near Tata Showroom, Magob, Surat, Gujarat 395010","Zummer International Private Limited, B-4033, Aashirwad Textile Market, Opp. Landmark  Empires, Puna Khumbhariya, Near Tata Showroom, Magob, Surat, Gujarat 395010",,India,,,,,Shirts,XXL,XXL,Yes,Black,,61062010,SH00BK5186,3299,Adults-Women,Black,Charcoal,Off White,Fashion,Smart Casual,2025,Summer,Zummer Cotton Black Embroidered Shirt,,100% Cotton,,,,,,Cotton,Spread Collar,Long Sleeves,Regular Sleeves,Solid,Oversized,Casual,Regular,NA,Relaxed,Embroidered,Regular,Straight,Button Placket,Floral,New Basics,Dry Clean,Full,Button,Opaque,NA,Garment Measurements in,NA,Ready to Wear,NA,Regular,NA,1,NA,,NA,,,,,1 Shirt,,,,,18.5,54,54,28,20,40,34,31,,,,,,,
5192,SH00WH5192,SH00WH5192S,SH00WH5192S,Zummer Cotton White Floral Embroidered Shirt,ZUMMER,"Zummer International Private Limited, B-4033, Aashirwad Textile Market, Opp. Landmark  Empires, Puna Khumbhariya, Near Tata Showroom, Magob, Surat, Gujarat 395010","Zummer International Private Limited, B-4033, Aashirwad Textile Market, Opp. Landmark  Empires, Puna Khumbhariya, Near Tata Showroom, Magob, Surat, Gujarat 395010",,India,,,,,Shirts,S,S,Yes,White,,61062010,SH00WH5192,3199,Adults-Women,White,Off White,Green,Fashion,Smart Casual,2025,Summer,Zummer Cotton White Floral Embroidered Shirt,,100% Cotton,,,,,,Cotton,Spread Collar,Long Sleeves,Regular Sleeves,Solid,Regular Fit,Casual,Regular,NA,Smart,Embroidered,Regular,Curved,Button Placket,Floral,New Basics,Dry Clean,Full,Button,Opaque,NA,Garment Measurements in,NA,Ready to Wear,NA,Regular,NA,1,NA,,NA,,,,,1 Shirt,,,,,14,36,36,28,20,34,28,25,,,,,,,
5192,SH00WH5192,SH00WH5192M,SH00WH5192M,Zummer Cotton White Floral Embroidered Shirt,ZUMMER,"Zummer International Private Limited, B-4033, Aashirwad Textile Market, Opp. Landmark  Empires, Puna Khumbhariya, Near Tata Showroom, Magob, Surat, Gujarat 395010","Zummer International Private Limited, B-4033, Aashirwad Textile Market, Opp. Landmark  Empires, Puna Khumbhariya, Near Tata Showroom, Magob, Surat, Gujarat 395010",,India,,,,,Shirts,M,M,Yes,White,,61062010,SH00WH5192,3199,Adults-Women,White,Off White,Green,Fashion,Smart Casual,2025,Summer,Zummer Cotton White Floral Embroidered Shirt,,100% Cotton,,,,,,Cotton,Spread Collar,Long Sleeves,Regular Sleeves,Solid,Regular Fit,Casual,Regular,NA,Smart,Embroidered,Regular,Curved,Button Placket,Floral,New Basics,Dry Clean,Full,Button,Opaque,NA,Garment Measurements in,NA,Ready to Wear,NA,Regular,NA,1,NA,,NA,,,,,1 Shirt,,,,,14.5,38,38,28,20,36,30,27,,,,,,,
5192,SH00WH5192,SH00WH5192L,SH00WH5192L,Zummer Cotton White Floral Embroidered Shirt,ZUMMER,"Zummer International Private Limited, B-4033, Aashirwad Textile Market, Opp. Landmark  Empires, Puna Khumbhariya, Near Tata Showroom, Magob, Surat, Gujarat 395010","Zummer International Private Limited, B-4033, Aashirwad Textile Market, Opp. Landmark  Empires, Puna Khumbhariya, Near Tata Showroom, Magob, Surat, Gujarat 395010",,India,,,,,Shirts,L,L,Yes,White,,61062010,SH00WH5192,3199,Adults-Women,White,Off White,Green,Fashion,Smart Casual,2025,Summer,Zummer Cotton White Floral Embroidered Shirt,,100% Cotton,,,,,,Cotton,Spread Collar,Long Sleeves,Regular Sleeves,Solid,Regular Fit,Casual,Regular,NA,Smart,Embroidered,Regular,Curved,Button Placket,Floral,New Basics,Dry Clean,Full,Button,Opaque,NA,Garment Measurements in,NA,Ready to Wear,NA,Regular,NA,1,NA,,NA,,,,,1 Shirt,,,,,15,40,40,28,20,38,32,29,,,,,,,
5192,SH00WH5192,SH00WH5192XL,SH00WH5192XL,Zummer Cotton White Floral Embroidered Shirt,ZUMMER,"Zummer International Private Limited, B-4033, Aashirwad Textile Market, Opp. Landmark  Empires, Puna Khumbhariya, Near Tata Showroom, Magob, Surat, Gujarat 395010","Zummer International Private Limited, B-4033, Aashirwad Textile Market, Opp. Landmark  Empires, Puna Khumbhariya, Near Tata Showroom, Magob, Surat, Gujarat 395010",,India,,,,,Shirts,XL,XL,Yes,White,,61062010,SH00WH5192,3199,Adults-Women,White,Off White,Green,Fashion,Smart Casual,2025,Summer,Zummer Cotton White Floral Embroidered Shirt,,100% Cotton,,,,,,Cotton,Spread Collar,Long Sleeves,Regular Sleeves,Solid,Regular Fit,Casual,Regular,NA,Smart,Embroidered,Regular,Curved,Button Placket,Floral,New Basics,Dry Clean,Full,Button,Opaque,NA,Garment Measurements in,NA,Ready to Wear,NA,Regular,NA,1,NA,,NA,,,,,1 Shirt,,,,,15.5,42,42,28,20,40,34,31,,,,,,,
1179,SH00PK1179,SH00PK1179XS,SH00PK1179XS,Zummer Cotton Pink Floral Printed  Shirt,ZUMMER,"Zummer International Private Limited, B-4033, Aashirwad Textile Market, Opp. Landmark  Empires, Puna Khumbhariya, Near Tata Showroom, Magob, Surat, Gujarat 395010","Zummer International Private Limited, B-4033, Aashirwad Textile Market, Opp. Landmark  Empires, Puna Khumbhariya, Near Tata Showroom, Magob, Surat, Gujarat 395010",,India,,,,,Shirts,XS,XS,Yes,Pink,,61062010,SH00PK1179,3099,Adults-Women,Pink,Magenta,Brown,Fashion,Travel,2025,Summer,Zummer Cotton Pink Floral Printed  Shirt,,100% Cotton,,,,,,Cotton,Spread Collar,Long Sleeves,Regular Sleeves,Printed,Regular Fit,Casual,Regular,NA,Comfort,NA,Regular,Straight,Button Placket,Floral,New Basics,Machine Wash,Full,Button,Opaque,NA,Garment Measurements in,NA,Ready to Wear,NA,Regular,NA,1,NA,,NA,,,,,1 Shirt,,,,,17.5,40,40,25.5,21.75,32,26,23,,,,,,,
1179,SH00PK1179,SH00PK1179S,SH00PK1179S,Zummer Cotton Pink Floral Printed  Shirt,ZUMMER,"Zummer International Private Limited, B-4033, Aashirwad Textile Market, Opp. Landmark  Empires, Puna Khumbhariya, Near Tata Showroom, Magob, Surat, Gujarat 395010","Zummer International Private Limited, B-4033, Aashirwad Textile Market, Opp. Landmark  Empires, Puna Khumbhariya, Near Tata Showroom, Magob, Surat, Gujarat 395010",,India,,,,,Shirts,S,S,Yes,Pink,,61062010,SH00PK1179,3099,Adults-Women,Pink,Magenta,Brown,Fashion,Travel,2025,Summer,Zummer Cotton Pink Floral Printed  Shirt,,100% Cotton,,,,,,Cotton,Spread Collar,Long Sleeves,Regular Sleeves,Printed,Regular Fit,Casual,Regular,NA,Comfort,NA,Regular,Straight,Button Placket,Floral,New Basics,Machine Wash,Full,Button,Opaque,NA,Garment Measurements in,NA,Ready to Wear,NA,Regular,NA,1,NA,,NA,,,,,1 Shirt,,,,,18,42,42,26,22,34,28,25,,,,,,,
1179,SH00PK1179,SH00PK1179M,SH00PK1179M,Zummer Cotton Pink Floral Printed  Shirt,ZUMMER,"Zummer International Private Limited, B-4033, Aashirwad Textile Market, Opp. Landmark  Empires, Puna Khumbhariya, Near Tata Showroom, Magob, Surat, Gujarat 395010","Zummer International Private Limited, B-4033, Aashirwad Textile Market, Opp. Landmark  Empires, Puna Khumbhariya, Near Tata Showroom, Magob, Surat, Gujarat 395010",,India,,,,,Shirts,M,M,Yes,Pink,,61062010,SH00PK1179,3099,Adults-Women,Pink,Magenta,Brown,Fashion,Travel,2025,Summer,Zummer Cotton Pink Floral Printed  Shirt,,100% Cotton,,,,,,Cotton,Spread Collar,Long Sleeves,Regular Sleeves,Printed,Regular Fit,Casual,Regular,NA,Comfort,NA,Regular,Straight,Button Placket,Floral,New Basics,Machine Wash,Full,Button,Opaque,NA,Garment Measurements in,NA,Ready to Wear,NA,Regular,NA,1,NA,,NA,,,,,1 Shirt,,,,,18.5,44,44,26.5,22.25,36,30,27,,,,,,,
1179,SH00PK1179,SH00PK1179L,SH00PK1179L,Zummer Cotton Pink Floral Printed  Shirt,ZUMMER,"Zummer International Private Limited, B-4033, Aashirwad Textile Market, Opp. Landmark  Empires, Puna Khumbhariya, Near Tata Showroom, Magob, Surat, Gujarat 395010","Zummer International Private Limited, B-4033, Aashirwad Textile Market, Opp. Landmark  Empires, Puna Khumbhariya, Near Tata Showroom, Magob, Surat, Gujarat 395010",,India,,,,,Shirts,L,L,Yes,Pink,,61062010,SH00PK1179,3099,Adults-Women,Pink,Magenta,Brown,Fashion,Travel,2025,Summer,Zummer Cotton Pink Floral Printed  Shirt,,100% Cotton,,,,,,Cotton,Spread Collar,Long Sleeves,Regular Sleeves,Printed,Regular Fit,Casual,Regular,NA,Comfort,NA,Regular,Straight,Button Placket,Floral,New Basics,Machine Wash,Full,Button,Opaque,NA,Garment Measurements in,NA,Ready to Wear,NA,Regular,NA,1,NA,,NA,,,,,1 Shirt,,,,,19,46,46,27,22.5,38,32,29,,,,,,,
1179,SH00PK1179,SH00PK1179XL,SH00PK1179XL,Zummer Cotton Pink Floral Printed  Shirt,ZUMMER,"Zummer International Private Limited, B-4033, Aashirwad Textile Market, Opp. Landmark  Empires, Puna Khumbhariya, Near Tata Showroom, Magob, Surat, Gujarat 395010","Zummer International Private Limited, B-4033, Aashirwad Textile Market, Opp. Landmark  Empires, Puna Khumbhariya, Near Tata Showroom, Magob, Surat, Gujarat 395010",,India,,,,,Shirts,XL,XL,Yes,Pink,,61062010,SH00PK1179,3099,Adults-Women,Pink,Magenta,Brown,Fashion,Travel,2025,Summer,Zummer Cotton Pink Floral Printed  Shirt,,100% Cotton,,,,,,Cotton,Spread Collar,Long Sleeves,Regular Sleeves,Printed,Regular Fit,Casual,Regular,NA,Comfort,NA,Regular,Straight,Button Placket,Floral,New Basics,Machine Wash,Full,Button,Opaque,NA,Garment Measurements in,NA,Ready to Wear,NA,Regular,NA,1,NA,,NA,,,,,1 Shirt,,,,,19.5,48,48,27.5,22.75,40,34,31,,,,,,,
1179,SH00PK1179,SH00PK1179XXL,SH00PK1179XXL,Zummer Cotton Pink Floral Printed  Shirt,ZUMMER,"Zummer International Private Limited, B-4033, Aashirwad Textile Market, Opp. Landmark  Empires, Puna Khumbhariya, Near Tata Showroom, Magob, Surat, Gujarat 395010","Zummer International Private Limited, B-4033, Aashirwad Textile Market, Opp. Landmark  Empires, Puna Khumbhariya, Near Tata Showroom, Magob, Surat, Gujarat 395010",,India,,,,,Shirts,XXL,XXL,Yes,Pink,,61062010,SH00PK1179,3099,Adults-Women,Pink,Magenta,Brown,Fashion,Travel,2025,Summer,Zummer Cotton Pink Floral Printed  Shirt,,100% Cotton,,,,,,Cotton,Spread Collar,Long Sleeves,Regular Sleeves,Printed,Regular Fit,Casual,Regular,NA,Comfort,NA,Regular,Straight,Button Placket,Floral,New Basics,Machine Wash,Full,Button,Opaque,NA,Garment Measurements in,NA,Ready to Wear,NA,Regular,NA,1,NA,,NA,,,,,1 Shirt,,,,,20,50,50,28,23,42,36,33,,,,,,,
1180,SH00BK1180,SH00BK1180XS,SH00BK1180XS,Zummer Cotton Black Floral Printed  Shirt,ZUMMER,"Zummer International Private Limited, B-4033, Aashirwad Textile Market, Opp. Landmark  Empires, Puna Khumbhariya, Near Tata Showroom, Magob, Surat, Gujarat 395010","Zummer International Private Limited, B-4033, Aashirwad Textile Market, Opp. Landmark  Empires, Puna Khumbhariya, Near Tata Showroom, Magob, Surat, Gujarat 395010",,India,,,,,Shirts,XS,XS,Yes,Black,,61062010,SH00BK1180,3099,Adults-Women,Black,Charcoal,Brown,Fashion,Travel,2025,Summer,Zummer Cotton Black Floral Printed  Shirt,,100% Cotton,,,,,,Cotton,Spread Collar,Long Sleeves,Regular Sleeves,Printed,Regular Fit,Casual,Regular,NA,Comfort,NA,Regular,Straight,Button Placket,Floral,New Basics,Machine Wash,Full,Button,Opaque,NA,Garment Measurements in,NA,Ready to Wear,NA,Regular,NA,1,NA,,NA,,,,,1 Shirt,,,,,17.5,40,40,25.5,21.75,32,26,23,,,,,,,
1180,SH00BK1180,SH00BK1180S,SH00BK1180S,Zummer Cotton Black Floral Printed  Shirt,ZUMMER,"Zummer International Private Limited, B-4033, Aashirwad Textile Market, Opp. Landmark  Empires, Puna Khumbhariya, Near Tata Showroom, Magob, Surat, Gujarat 395010","Zummer International Private Limited, B-4033, Aashirwad Textile Market, Opp. Landmark  Empires, Puna Khumbhariya, Near Tata Showroom, Magob, Surat, Gujarat 395010",,India,,,,,Shirts,S,S,Yes,Black,,61062010,SH00BK1180,3099,Adults-Women,Black,Charcoal,Brown,Fashion,Travel,2025,Summer,Zummer Cotton Black Floral Printed  Shirt,,100% Cotton,,,,,,Cotton,Spread Collar,Long Sleeves,Regular Sleeves,Printed,Regular Fit,Casual,Regular,NA,Comfort,NA,Regular,Straight,Button Placket,Floral,New Basics,Machine Wash,Full,Button,Opaque,NA,Garment Measurements in,NA,Ready to Wear,NA,Regular,NA,1,NA,,NA,,,,,1 Shirt,,,,,18,42,42,26,22,34,28,25,,,,,,,
1180,SH00BK1180,SH00BK1180M,SH00BK1180M,Zummer Cotton Black Floral Printed  Shirt,ZUMMER,"Zummer International Private Limited, B-4033, Aashirwad Textile Market, Opp. Landmark  Empires, Puna Khumbhariya, Near Tata Showroom, Magob, Surat, Gujarat 395010","Zummer International Private Limited, B-4033, Aashirwad Textile Market, Opp. Landmark  Empires, Puna Khumbhariya, Near Tata Showroom, Magob, Surat, Gujarat 395010",,India,,,,,Shirts,M,M,Yes,Black,,61062010,SH00BK1180,3099,Adults-Women,Black,Charcoal,Brown,Fashion,Travel,2025,Summer,Zummer Cotton Black Floral Printed  Shirt,,100% Cotton,,,,,,Cotton,Spread Collar,Long Sleeves,Regular Sleeves,Printed,Regular Fit,Casual,Regular,NA,Comfort,NA,Regular,Straight,Button Placket,Floral,New Basics,Machine Wash,Full,Button,Opaque,NA,Garment Measurements in,NA,Ready to Wear,NA,Regular,NA,1,NA,,NA,,,,,1 Shirt,,,,,18.5,44,44,26.5,22.25,36,30,27,,,,,,,
1180,SH00BK1180,SH00BK1180L,SH00BK1180L,Zummer Cotton Black Floral Printed  Shirt,ZUMMER,"Zummer International Private Limited, B-4033, Aashirwad Textile Market, Opp. Landmark  Empires, Puna Khumbhariya, Near Tata Showroom, Magob, Surat, Gujarat 395010","Zummer International Private Limited, B-4033, Aashirwad Textile Market, Opp. Landmark  Empires, Puna Khumbhariya, Near Tata Showroom, Magob, Surat, Gujarat 395010",,India,,,,,Shirts,L,L,Yes,Black,,61062010,SH00BK1180,3099,Adults-Women,Black,Charcoal,Brown,Fashion,Travel,2025,Summer,Zummer Cotton Black Floral Printed  Shirt,,100% Cotton,,,,,,Cotton,Spread Collar,Long Sleeves,Regular Sleeves,Printed,Regular Fit,Casual,Regular,NA,Comfort,NA,Regular,Straight,Button Placket,Floral,New Basics,Machine Wash,Full,Button,Opaque,NA,Garment Measurements in,NA,Ready to Wear,NA,Regular,NA,1,NA,,NA,,,,,1 Shirt,,,,,19,46,46,27,22.5,38,32,29,,,,,,,
1180,SH00BK1180,SH00BK1180XL,SH00BK1180XL,Zummer Cotton Black Floral Printed  Shirt,ZUMMER,"Zummer International Private Limited, B-4033, Aashirwad Textile Market, Opp. Landmark  Empires, Puna Khumbhariya, Near Tata Showroom, Magob, Surat, Gujarat 395010","Zummer International Private Limited, B-4033, Aashirwad Textile Market, Opp. Landmark  Empires, Puna Khumbhariya, Near Tata Showroom, Magob, Surat, Gujarat 395010",,India,,,,,Shirts,XL,XL,Yes,Black,,61062010,SH00BK1180,3099,Adults-Women,Black,Charcoal,Brown,Fashion,Travel,2025,Summer,Zummer Cotton Black Floral Printed  Shirt,,100% Cotton,,,,,,Cotton,Spread Collar,Long Sleeves,Regular Sleeves,Printed,Regular Fit,Casual,Regular,NA,Comfort,NA,Regular,Straight,Button Placket,Floral,New Basics,Machine Wash,Full,Button,Opaque,NA,Garment Measurements in,NA,Ready to Wear,NA,Regular,NA,1,NA,,NA,,,,,1 Shirt,,,,,19.5,48,48,27.5,22.75,40,34,31,,,,,,,
1180,SH00BK1180,SH00BK1180XXL,SH00BK1180XXL,Zummer Cotton Black Floral Printed  Shirt,ZUMMER,"Zummer International Private Limited, B-4033, Aashirwad Textile Market, Opp. Landmark  Empires, Puna Khumbhariya, Near Tata Showroom, Magob, Surat, Gujarat 395010","Zummer International Private Limited, B-4033, Aashirwad Textile Market, Opp. Landmark  Empires, Puna Khumbhariya, Near Tata Showroom, Magob, Surat, Gujarat 395010",,India,,,,,Shirts,XXL,XXL,Yes,Black,,61062010,SH00BK1180,3099,Adults-Women,Black,Charcoal,Brown,Fashion,Travel,2025,Summer,Zummer Cotton Black Floral Printed  Shirt,,100% Cotton,,,,,,Cotton,Spread Collar,Long Sleeves,Regular Sleeves,Printed,Regular Fit,Casual,Regular,NA,Comfort,NA,Regular,Straight,Button Placket,Floral,New Basics,Machine Wash,Full,Button,Opaque,NA,Garment Measurements in,NA,Ready to Wear,NA,Regular,NA,1,NA,,NA,,,,,1 Shirt,,,,,20,50,50,28,23,42,36,33,,,,,,,
5181,SH00PK5181,SH00PK5181M,SH00PK5181M,Zummer Cotton Pink Floral Embroidered Shirt,ZUMMER,"Zummer International Private Limited, B-4033, Aashirwad Textile Market, Opp. Landmark  Empires, Puna Khumbhariya, Near Tata Showroom, Magob, Surat, Gujarat 395010","Zummer International Private Limited, B-4033, Aashirwad Textile Market, Opp. Landmark  Empires, Puna Khumbhariya, Near Tata Showroom, Magob, Surat, Gujarat 395010",,India,,,,,Shirts,M,M,Yes,Pink,,61062010,SH00PK5181,3099,Adults-Women,Pink,Magenta,Cream,Fashion,Smart Casual,2025,Summer,Zummer Cotton Pink Floral Embroidered Shirt,,100% Cotton,,,,,,Cotton,Mandarin Collar,Three-Quarter Sleeves,Regular Sleeves,Solid,Relaxed Fit,Casual,Regular,NA,Smart,Embroidered,Regular,High-Low,Button Placket,Floral,New Basics,Dry Clean,Full,,Opaque,NA,Garment Measurements in,NA,Ready to Wear,NA,Regular,NA,1,NA,,NA,,,,,1 Shirt,,,,,14,38,38,28.5,18,36,30,27,,,,,,,
5181,SH00PK5181,SH00PK5181L,SH00PK5181L,Zummer Cotton Pink Floral Embroidered Shirt,ZUMMER,"Zummer International Private Limited, B-4033, Aashirwad Textile Market, Opp. Landmark  Empires, Puna Khumbhariya, Near Tata Showroom, Magob, Surat, Gujarat 395010","Zummer International Private Limited, B-4033, Aashirwad Textile Market, Opp. Landmark  Empires, Puna Khumbhariya, Near Tata Showroom, Magob, Surat, Gujarat 395010",,India,,,,,Shirts,L,L,Yes,Pink,,61062010,SH00PK5181,3099,Adults-Women,Pink,Magenta,Cream,Fashion,Smart Casual,2025,Summer,Zummer Cotton Pink Floral Embroidered Shirt,,100% Cotton,,,,,,Cotton,Mandarin Collar,Three-Quarter Sleeves,Regular Sleeves,Solid,Relaxed Fit,Casual,Regular,NA,Smart,Embroidered,Regular,High-Low,Button Placket,Floral,New Basics,Dry Clean,Full,,Opaque,NA,Garment Measurements in,NA,Ready to Wear,NA,Regular,NA,1,NA,,NA,,,,,1 Shirt,,,,,14.5,40,40,28.5,18,38,32,29,,,,,,,
5181,SH00PK5181,SH00PK5181XL,SH00PK5181XL,Zummer Cotton Pink Floral Embroidered Shirt,ZUMMER,"Zummer International Private Limited, B-4033, Aashirwad Textile Market, Opp. Landmark  Empires, Puna Khumbhariya, Near Tata Showroom, Magob, Surat, Gujarat 395010","Zummer International Private Limited, B-4033, Aashirwad Textile Market, Opp. Landmark  Empires, Puna Khumbhariya, Near Tata Showroom, Magob, Surat, Gujarat 395010",,India,,,,,Shirts,XL,XL,Yes,Pink,,61062010,SH00PK5181,3099,Adults-Women,Pink,Magenta,Cream,Fashion,Smart Casual,2025,Summer,Zummer Cotton Pink Floral Embroidered Shirt,,100% Cotton,,,,,,Cotton,Mandarin Collar,Three-Quarter Sleeves,Regular Sleeves,Solid,Relaxed Fit,Casual,Regular,NA,Smart,Embroidered,Regular,High-Low,Button Placket,Floral,New Basics,Dry Clean,Full,,Opaque,NA,Garment Measurements in,NA,Ready to Wear,NA,Regular,NA,1,NA,,NA,,,,,1 Shirt,,,,,15,42,42,28.5,18,40,34,31,,,,,,,
5181,SH00PK5181,SH00PK5181XXL,SH00PK5181XXL,Zummer Cotton Pink Floral Embroidered Shirt,ZUMMER,"Zummer International Private Limited, B-4033, Aashirwad Textile Market, Opp. Landmark  Empires, Puna Khumbhariya, Near Tata Showroom, Magob, Surat, Gujarat 395010","Zummer International Private Limited, B-4033, Aashirwad Textile Market, Opp. Landmark  Empires, Puna Khumbhariya, Near Tata Showroom, Magob, Surat, Gujarat 395010",,India,,,,,Shirts,XXL,XXL,Yes,Pink,,61062010,SH00PK5181,3099,Adults-Women,Pink,Magenta,Cream,Fashion,Smart Casual,2025,Summer,Zummer Cotton Pink Floral Embroidered Shirt,,100% Cotton,,,,,,Cotton,Mandarin Collar,Three-Quarter Sleeves,Regular Sleeves,Solid,Relaxed Fit,Casual,Regular,NA,Smart,Embroidered,Regular,High-Low,Button Placket,Floral,New Basics,Dry Clean,Full,,Opaque,NA,Garment Measurements in,NA,Ready to Wear,NA,Regular,NA,1,NA,,NA,,,,,1 Shirt,,,,,15.5,44,44,28.5,18,42,36,33,,,,,,,
5188,SH00WH5188,SH00WH5188M,SH00WH5188M,Zummer Cotton White Colourblocked Shirt,ZUMMER,"Zummer International Private Limited, B-4033, Aashirwad Textile Market, Opp. Landmark  Empires, Puna Khumbhariya, Near Tata Showroom, Magob, Surat, Gujarat 395010","Zummer International Private Limited, B-4033, Aashirwad Textile Market, Opp. Landmark  Empires, Puna Khumbhariya, Near Tata Showroom, Magob, Surat, Gujarat 395010",,India,,,,,Shirts,M,M,Yes,White,,61062010,SH00WH5188,3499,Adults-Women,White,Off White,Black,Fashion,Travel,2025,Summer,Zummer Cotton White Colourblocked Shirt,,100% Cotton,,,,,,Cotton,Spread Collar,Long Sleeves,Regular Sleeves,Colourblocked,Regular Fit,Semiformal,Regular,NA,Smart,NA,Regular,Curved,Button Placket,Abstract,New Basics,Hand Wash,Full,Button,Opaque,NA,Garment Measurements in,NA,Ready to Wear,NA,Regular,NA,1,NA,,NA,,,,,1 Shirt,,,,,14.5,38,38,28,20,36,30,38,,,,,,,
5188,SH00WH5188,SH00WH5188L,SH00WH5188L,Zummer Cotton White Colourblocked Shirt,ZUMMER,"Zummer International Private Limited, B-4033, Aashirwad Textile Market, Opp. Landmark  Empires, Puna Khumbhariya, Near Tata Showroom, Magob, Surat, Gujarat 395010","Zummer International Private Limited, B-4033, Aashirwad Textile Market, Opp. Landmark  Empires, Puna Khumbhariya, Near Tata Showroom, Magob, Surat, Gujarat 395010",,India,,,,,Shirts,L,L,Yes,White,,61062010,SH00WH5188,3499,Adults-Women,White,Off White,Black,Fashion,Travel,2025,Summer,Zummer Cotton White Colourblocked Shirt,,100% Cotton,,,,,,Cotton,Spread Collar,Long Sleeves,Regular Sleeves,Colourblocked,Regular Fit,Semiformal,Regular,NA,Smart,NA,Regular,Curved,Button Placket,Abstract,New Basics,Hand Wash,Full,Button,Opaque,NA,Garment Measurements in,NA,Ready to Wear,NA,Regular,NA,1,NA,,NA,,,,,1 Shirt,,,,,15,40,40,28,20,38,32,40,,,,,,,
5188,SH00WH5188,SH00WH5188XL,SH00WH5188XL,Zummer Cotton White Colourblocked Shirt,ZUMMER,"Zummer International Private Limited, B-4033, Aashirwad Textile Market, Opp. Landmark  Empires, Puna Khumbhariya, Near Tata Showroom, Magob, Surat, Gujarat 395010","Zummer International Private Limited, B-4033, Aashirwad Textile Market, Opp. Landmark  Empires, Puna Khumbhariya, Near Tata Showroom, Magob, Surat, Gujarat 395010",,India,,,,,Shirts,XL,XL,Yes,White,,61062010,SH00WH5188,3499,Adults-Women,White,Off White,Black,Fashion,Travel,2025,Summer,Zummer Cotton White Colourblocked Shirt,,100% Cotton,,,,,,Cotton,Spread Collar,Long Sleeves,Regular Sleeves,Colourblocked,Regular Fit,Semiformal,Regular,NA,Smart,NA,Regular,Curved,Button Placket,Abstract,New Basics,Hand Wash,Full,Button,Opaque,NA,Garment Measurements in,NA,Ready to Wear,NA,Regular,NA,1,NA,,NA,,,,,1 Shirt,,,,,15.5,42,42,28,20,40,34,42,,,,,,,
5188,SH00WH5188,SH00WH5188XXL,SH00WH5188XXL,Zummer Cotton White Colourblocked Shirt,ZUMMER,"Zummer International Private Limited, B-4033, Aashirwad Textile Market, Opp. Landmark  Empires, Puna Khumbhariya, Near Tata Showroom, Magob, Surat, Gujarat 395010","Zummer International Private Limited, B-4033, Aashirwad Textile Market, Opp. Landmark  Empires, Puna Khumbhariya, Near Tata Showroom, Magob, Surat, Gujarat 395010",,India,,,,,Shirts,XXL,XXL,Yes,White,,61062010,SH00WH5188,3499,Adults-Women,White,Off White,Black,Fashion,Travel,2025,Summer,Zummer Cotton White Colourblocked Shirt,,100% Cotton,,,,,,Cotton,Spread Collar,Long Sleeves,Regular Sleeves,Colourblocked,Regular Fit,Semiformal,Regular,NA,Smart,NA,Regular,Curved,Button Placket,Abstract,New Basics,Hand Wash,Full,Button,Opaque,NA,Garment Measurements in,NA,Ready to Wear,NA,Regular,NA,1,NA,,NA,,,,,1 Shirt,,,,,16,44,44,28,20,42,36,44,,,,,,,
5184,SH00CR5184,SH00CR5184M,SH00CR5184M,Zummer Cotton Cream Embroidered Shirt,ZUMMER,"Zummer International Private Limited, B-4033, Aashirwad Textile Market, Opp. Landmark  Empires, Puna Khumbhariya, Near Tata Showroom, Magob, Surat, Gujarat 395010","Zummer International Private Limited, B-4033, Aashirwad Textile Market, Opp. Landmark  Empires, Puna Khumbhariya, Near Tata Showroom, Magob, Surat, Gujarat 395010",,India,,,,,Shirts,M,M,Yes,Cream,,61062010,SH00CR5184,3299,Adults-Women,Cream,Off White,White,Fashion,Travel,2025,Summer,Zummer Cotton Cream Embroidered Shirt,,100% Cotton,,,,,,Cotton,Mandarin Collar,Three-Quarter Sleeves,Regular Sleeves,Solid,Regular Fit,Semiformal,Regular,NA,Modern,Embroidered,Regular,Straight,Button Placket,Floral,New Basics,Hand Wash,Full,,Opaque,NA,Garment Measurements in,NA,Ready to Wear,NA,Regular,NA,1,NA,,NA,,,,,1 Shirt,,,,,14.5,40,40,28,17,36,30,42,,,,,,,
5184,SH00CR5184,SH00CR5184L,SH00CR5184L,Zummer Cotton Cream Embroidered Shirt,ZUMMER,"Zummer International Private Limited, B-4033, Aashirwad Textile Market, Opp. Landmark  Empires, Puna Khumbhariya, Near Tata Showroom, Magob, Surat, Gujarat 395010","Zummer International Private Limited, B-4033, Aashirwad Textile Market, Opp. Landmark  Empires, Puna Khumbhariya, Near Tata Showroom, Magob, Surat, Gujarat 395010",,India,,,,,Shirts,L,L,Yes,Cream,,61062010,SH00CR5184,3299,Adults-Women,Cream,Off White,White,Fashion,Travel,2025,Summer,Zummer Cotton Cream Embroidered Shirt,,100% Cotton,,,,,,Cotton,Mandarin Collar,Three-Quarter Sleeves,Regular Sleeves,Solid,Regular Fit,Semiformal,Regular,NA,Modern,Embroidered,Regular,Straight,Button Placket,Floral,New Basics,Hand Wash,Full,,Opaque,NA,Garment Measurements in,NA,Ready to Wear,NA,Regular,NA,1,NA,,NA,,,,,1 Shirt,,,,,15,42,42,28,17,38,32,44,,,,,,,
5184,SH00CR5184,SH00CR5184XL,SH00CR5184XL,Zummer Cotton Cream Embroidered Shirt,ZUMMER,"Zummer International Private Limited, B-4033, Aashirwad Textile Market, Opp. Landmark  Empires, Puna Khumbhariya, Near Tata Showroom, Magob, Surat, Gujarat 395010","Zummer International Private Limited, B-4033, Aashirwad Textile Market, Opp. Landmark  Empires, Puna Khumbhariya, Near Tata Showroom, Magob, Surat, Gujarat 395010",,India,,,,,Shirts,XL,XL,Yes,Cream,,61062010,SH00CR5184,3299,Adults-Women,Cream,Off White,White,Fashion,Travel,2025,Summer,Zummer Cotton Cream Embroidered Shirt,,100% Cotton,,,,,,Cotton,Mandarin Collar,Three-Quarter Sleeves,Regular Sleeves,Solid,Regular Fit,Semiformal,Regular,NA,Modern,Embroidered,Regular,Straight,Button Placket,Floral,New Basics,Hand Wash,Full,,Opaque,NA,Garment Measurements in,NA,Ready to Wear,NA,Regular,NA,1,NA,,NA,,,,,1 Shirt,,,,,15.5,44,44,28,17,40,34,46,,,,,,,
5184,SH00CR5184,SH00CR5184XXL,SH00CR5184XXL,Zummer Cotton Cream Embroidered Shirt,ZUMMER,"Zummer International Private Limited, B-4033, Aashirwad Textile Market, Opp. Landmark  Empires, Puna Khumbhariya, Near Tata Showroom, Magob, Surat, Gujarat 395010","Zummer International Private Limited, B-4033, Aashirwad Textile Market, Opp. Landmark  Empires, Puna Khumbhariya, Near Tata Showroom, Magob, Surat, Gujarat 395010",,India,,,,,Shirts,XXL,XXL,Yes,Cream,,61062010,SH00CR5184,3299,Adults-Women,Cream,Off White,White,Fashion,Travel,2025,Summer,Zummer Cotton Cream Embroidered Shirt,,100% Cotton,,,,,,Cotton,Mandarin Collar,Three-Quarter Sleeves,Regular Sleeves,Solid,Regular Fit,Semiformal,Regular,NA,Modern,Embroidered,Regular,Straight,Button Placket,Floral,New Basics,Hand Wash,Full,,Opaque,NA,Garment Measurements in,NA,Ready to Wear,NA,Regular,NA,1,NA,,NA,,,,,1 Shirt,,,,,16,46,46,28,17,42,36,48,,,,,,,
5190,SH00OW5190,SH00OW5190S,SH00OW5190S,Zummer Cotton Off White Floral Embroidered Shirt,ZUMMER,"Zummer International Private Limited, B-4033, Aashirwad Textile Market, Opp. Landmark  Empires, Puna Khumbhariya, Near Tata Showroom, Magob, Surat, Gujarat 395010","Zummer International Private Limited, B-4033, Aashirwad Textile Market, Opp. Landmark  Empires, Puna Khumbhariya, Near Tata Showroom, Magob, Surat, Gujarat 395010",,India,,,,,Shirts,S,S,Yes,Off White,,61062010,SH00OW5190,3299,Adults-Women,Off White,White,Blue,Fashion,Travel,2025,Summer,Zummer Cotton Off White Floral Embroidered Shirt,,100% Cotton,,,,,,Cotton,Spread Collar,Three-Quarter Sleeves,Drop-Shoulder Sleeves,Solid,Oversized,Semiformal,Regular,NA,Modern,Embroidered,Regular,Curved,Button Placket,Floral,New Basics,Dry Clean,Full,No Cuff,Opaque,NA,Garment Measurements in,NA,Ready to Wear,NA,Regular,NA,1,NA,,NA,,,,,1 Shirt,,,,,17.5,42,42,28,11.5,36,30,42,,,,,,,
5190,SH00OW5190,SH00OW5190M,SH00OW5190M,Zummer Cotton Off White Floral Embroidered Shirt,ZUMMER,"Zummer International Private Limited, B-4033, Aashirwad Textile Market, Opp. Landmark  Empires, Puna Khumbhariya, Near Tata Showroom, Magob, Surat, Gujarat 395010","Zummer International Private Limited, B-4033, Aashirwad Textile Market, Opp. Landmark  Empires, Puna Khumbhariya, Near Tata Showroom, Magob, Surat, Gujarat 395010",,India,,,,,Shirts,M,M,Yes,Off White,,61062010,SH00OW5190,3299,Adults-Women,Off White,White,Blue,Fashion,Travel,2025,Summer,Zummer Cotton Off White Floral Embroidered Shirt,,100% Cotton,,,,,,Cotton,Spread Collar,Three-Quarter Sleeves,Drop-Shoulder Sleeves,Solid,Oversized,Semiformal,Regular,NA,Modern,Embroidered,Regular,Curved,Button Placket,Floral,New Basics,Dry Clean,Full,No Cuff,Opaque,NA,Garment Measurements in,NA,Ready to Wear,NA,Regular,NA,1,NA,,NA,,,,,1 Shirt,,,,,18,44,44,28,11.5,38,32,44,,,,,,,
5190,SH00OW5190,SH00OW5190L,SH00OW5190L,Zummer Cotton Off White Floral Embroidered Shirt,ZUMMER,"Zummer International Private Limited, B-4033, Aashirwad Textile Market, Opp. Landmark  Empires, Puna Khumbhariya, Near Tata Showroom, Magob, Surat, Gujarat 395010","Zummer International Private Limited, B-4033, Aashirwad Textile Market, Opp. Landmark  Empires, Puna Khumbhariya, Near Tata Showroom, Magob, Surat, Gujarat 395010",,India,,,,,Shirts,L,L,Yes,Off White,,61062010,SH00OW5190,3299,Adults-Women,Off White,White,Blue,Fashion,Travel,2025,Summer,Zummer Cotton Off White Floral Embroidered Shirt,,100% Cotton,,,,,,Cotton,Spread Collar,Three-Quarter Sleeves,Drop-Shoulder Sleeves,Solid,Oversized,Semiformal,Regular,NA,Modern,Embroidered,Regular,Curved,Button Placket,Floral,New Basics,Dry Clean,Full,No Cuff,Opaque,NA,Garment Measurements in,NA,Ready to Wear,NA,Regular,NA,1,NA,,NA,,,,,1 Shirt,,,,,18.5,46,46,28,11.5,40,34,46,,,,,,,
5190,SH00OW5190,SH00OW5190XL,SH00OW5190XL,Zummer Cotton Off White Floral Embroidered Shirt,ZUMMER,"Zummer International Private Limited, B-4033, Aashirwad Textile Market, Opp. Landmark  Empires, Puna Khumbhariya, Near Tata Showroom, Magob, Surat, Gujarat 395010","Zummer International Private Limited, B-4033, Aashirwad Textile Market, Opp. Landmark  Empires, Puna Khumbhariya, Near Tata Showroom, Magob, Surat, Gujarat 395010",,India,,,,,Shirts,XL,XL,Yes,Off White,,61062010,SH00OW5190,3299,Adults-Women,Off White,White,Blue,Fashion,Travel,2025,Summer,Zummer Cotton Off White Floral Embroidered Shirt,,100% Cotton,,,,,,Cotton,Spread Collar,Three-Quarter Sleeves,Drop-Shoulder Sleeves,Solid,Oversized,Semiformal,Regular,NA,Modern,Embroidered,Regular,Curved,Button Placket,Floral,New Basics,Dry Clean,Full,No Cuff,Opaque,NA,Garment Measurements in,NA,Ready to Wear,NA,Regular,NA,1,NA,,NA,,,,,1 Shirt,,,,,19,48,48,28,11.5,42,36,48,,,,,,,
5193,SH00CR5193,SH00CR5193M,SH00CR5193M,Zummer Cotton Cream Embroidered Shirt,ZUMMER,"Zummer International Private Limited, B-4033, Aashirwad Textile Market, Opp. Landmark  Empires, Puna Khumbhariya, Near Tata Showroom, Magob, Surat, Gujarat 395010","Zummer International Private Limited, B-4033, Aashirwad Textile Market, Opp. Landmark  Empires, Puna Khumbhariya, Near Tata Showroom, Magob, Surat, Gujarat 395010",,India,,,,,Shirts,M,M,Yes,Cream,,61062010,SH00CR5193,3599,Adults-Women,Cream,Off White,Grey,Fashion,Travel,2025,Summer,Zummer Cotton Cream Embroidered Shirt,,100% Cotton,,,,,,Cotton,Spread Collar,Three-Quarter Sleeves,Regular Sleeves,Self Design,Regular Fit,Semiformal,Regular,NA,Modern,Embroidered,Regular,Curved,Button Placket,Floral,New Basics,Hand Wash,Full,No Cuff,Opaque,NA,Garment Measurements in,NA,Ready to Wear,NA,Regular,NA,1,NA,,NA,,,,,1 Shirt,,,,,14.5,38,38,28.5,17.5,36,30,42,,,,,,,
5193,SH00CR5193,SH00CR5193L,SH00CR5193L,Zummer Cotton Cream Embroidered Shirt,ZUMMER,"Zummer International Private Limited, B-4033, Aashirwad Textile Market, Opp. Landmark  Empires, Puna Khumbhariya, Near Tata Showroom, Magob, Surat, Gujarat 395010","Zummer International Private Limited, B-4033, Aashirwad Textile Market, Opp. Landmark  Empires, Puna Khumbhariya, Near Tata Showroom, Magob, Surat, Gujarat 395010",,India,,,,,Shirts,L,L,Yes,Cream,,61062010,SH00CR5193,3599,Adults-Women,Cream,Off White,Grey,Fashion,Travel,2025,Summer,Zummer Cotton Cream Embroidered Shirt,,100% Cotton,,,,,,Cotton,Spread Collar,Three-Quarter Sleeves,Regular Sleeves,Self Design,Regular Fit,Semiformal,Regular,NA,Modern,Embroidered,Regular,Curved,Button Placket,Floral,New Basics,Hand Wash,Full,No Cuff,Opaque,NA,Garment Measurements in,NA,Ready to Wear,NA,Regular,NA,1,NA,,NA,,,,,1 Shirt,,,,,15,40,40,28.5,17.5,38,32,44,,,,,,,
5193,SH00CR5193,SH00CR5193XL,SH00CR5193XL,Zummer Cotton Cream Embroidered Shirt,ZUMMER,"Zummer International Private Limited, B-4033, Aashirwad Textile Market, Opp. Landmark  Empires, Puna Khumbhariya, Near Tata Showroom, Magob, Surat, Gujarat 395010","Zummer International Private Limited, B-4033, Aashirwad Textile Market, Opp. Landmark  Empires, Puna Khumbhariya, Near Tata Showroom, Magob, Surat, Gujarat 395010",,India,,,,,Shirts,XL,XL,Yes,Cream,,61062010,SH00CR5193,3599,Adults-Women,Cream,Off White,Grey,Fashion,Travel,2025,Summer,Zummer Cotton Cream Embroidered Shirt,,100% Cotton,,,,,,Cotton,Spread Collar,Three-Quarter Sleeves,Regular Sleeves,Self Design,Regular Fit,Semiformal,Regular,NA,Modern,Embroidered,Regular,Curved,Button Placket,Floral,New Basics,Hand Wash,Full,No Cuff,Opaque,NA,Garment Measurements in,NA,Ready to Wear,NA,Regular,NA,1,NA,,NA,,,,,1 Shirt,,,,,15.5,42,42,28.5,17.5,40,34,46,,,,,,,
5193,SH00CR5193,SH00CR5193XXL,SH00CR5193XXL,Zummer Cotton Cream Embroidered Shirt,ZUMMER,"Zummer International Private Limited, B-4033, Aashirwad Textile Market, Opp. Landmark  Empires, Puna Khumbhariya, Near Tata Showroom, Magob, Surat, Gujarat 395010","Zummer International Private Limited, B-4033, Aashirwad Textile Market, Opp. Landmark  Empires, Puna Khumbhariya, Near Tata Showroom, Magob, Surat, Gujarat 395010",,India,,,,,Shirts,XXL,XXL,Yes,Cream,,61062010,SH00CR5193,3599,Adults-Women,Cream,Off White,Grey,Fashion,Travel,2025,Summer,Zummer Cotton Cream Embroidered Shirt,,100% Cotton,,,,,,Cotton,Spread Collar,Three-Quarter Sleeves,Regular Sleeves,Self Design,Regular Fit,Semiformal,Regular,NA,Modern,Embroidered,Regular,Curved,Button Placket,Floral,New Basics,Hand Wash,Full,No Cuff,Opaque,NA,Garment Measurements in,NA,Ready to Wear,NA,Regular,NA,1,NA,,NA,,,,,1 Shirt,,,,,16,44,44,28.5,17.5,42,36,48,,,,,,,
5189,SH00WH5189,SH00WH5189S,SH00WH5189S,Zummer Cotton White Colourblocked Shirt,ZUMMER,"Zummer International Private Limited, B-4033, Aashirwad Textile Market, Opp. Landmark  Empires, Puna Khumbhariya, Near Tata Showroom, Magob, Surat, Gujarat 395010","Zummer International Private Limited, B-4033, Aashirwad Textile Market, Opp. Landmark  Empires, Puna Khumbhariya, Near Tata Showroom, Magob, Surat, Gujarat 395010",,India,,,,,Shirts,S,S,Yes,White,,61062010,SH00WH5189,3299,Adults-Women,White,Off White,Red,Fashion,Smart Casual,2025,Summer,Zummer Cotton White Colourblocked Shirt,,100% Cotton,,,,,,Cotton,Cuban Collar,Long Sleeves,Regular Sleeves,Colourblocked,Regular Fit,Semiformal,Regular,NA,Smart,NA,Regular,Straight,Button Placket,Abstract,New Basics,Dry Clean,Full,,Opaque,NA,Garment Measurements in,NA,Ready to Wear,NA,Regular,NA,1,NA,,NA,,,,,1 Shirt,,,,,21,42,42,26,12,36,30,42,,,,,,,
5189,SH00WH5189,SH00WH5189M,SH00WH5189M,Zummer Cotton White Colourblocked Shirt,ZUMMER,"Zummer International Private Limited, B-4033, Aashirwad Textile Market, Opp. Landmark  Empires, Puna Khumbhariya, Near Tata Showroom, Magob, Surat, Gujarat 395010","Zummer International Private Limited, B-4033, Aashirwad Textile Market, Opp. Landmark  Empires, Puna Khumbhariya, Near Tata Showroom, Magob, Surat, Gujarat 395010",,India,,,,,Shirts,M,M,Yes,White,,61062010,SH00WH5189,3299,Adults-Women,White,Off White,Red,Fashion,Smart Casual,2025,Summer,Zummer Cotton White Colourblocked Shirt,,100% Cotton,,,,,,Cotton,Cuban Collar,Long Sleeves,Regular Sleeves,Colourblocked,Regular Fit,Semiformal,Regular,NA,Smart,NA,Regular,Straight,Button Placket,Abstract,New Basics,Dry Clean,Full,,Opaque,NA,Garment Measurements in,NA,Ready to Wear,NA,Regular,NA,1,NA,,NA,,,,,1 Shirt,,,,,21.5,44,44,26,12,38,32,44,,,,,,,
5189,SH00WH5189,SH00WH5189L,SH00WH5189L,Zummer Cotton White Colourblocked Shirt,ZUMMER,"Zummer International Private Limited, B-4033, Aashirwad Textile Market, Opp. Landmark  Empires, Puna Khumbhariya, Near Tata Showroom, Magob, Surat, Gujarat 395010","Zummer International Private Limited, B-4033, Aashirwad Textile Market, Opp. Landmark  Empires, Puna Khumbhariya, Near Tata Showroom, Magob, Surat, Gujarat 395010",,India,,,,,Shirts,L,L,Yes,White,,61062010,SH00WH5189,3299,Adults-Women,White,Off White,Red,Fashion,Smart Casual,2025,Summer,Zummer Cotton White Colourblocked Shirt,,100% Cotton,,,,,,Cotton,Cuban Collar,Long Sleeves,Regular Sleeves,Colourblocked,Regular Fit,Semiformal,Regular,NA,Smart,NA,Regular,Straight,Button Placket,Abstract,New Basics,Dry Clean,Full,,Opaque,NA,Garment Measurements in,NA,Ready to Wear,NA,Regular,NA,1,NA,,NA,,,,,1 Shirt,,,,,22,46,46,26,12,40,34,46,,,,,,,
5189,SH00WH5189,SH00WH5189XL,SH00WH5189XL,Zummer Cotton White Colourblocked Shirt,ZUMMER,"Zummer International Private Limited, B-4033, Aashirwad Textile Market, Opp. Landmark  Empires, Puna Khumbhariya, Near Tata Showroom, Magob, Surat, Gujarat 395010","Zummer International Private Limited, B-4033, Aashirwad Textile Market, Opp. Landmark  Empires, Puna Khumbhariya, Near Tata Showroom, Magob, Surat, Gujarat 395010",,India,,,,,Shirts,XL,XL,Yes,White,,61062010,SH00WH5189,3299,Adults-Women,White,Off White,Red,Fashion,Smart Casual,2025,Summer,Zummer Cotton White Colourblocked Shirt,,100% Cotton,,,,,,Cotton,Cuban Collar,Long Sleeves,Regular Sleeves,Colourblocked,Regular Fit,Semiformal,Regular,NA,Smart,NA,Regular,Straight,Button Placket,Abstract,New Basics,Dry Clean,Full,,Opaque,NA,Garment Measurements in,NA,Ready to Wear,NA,Regular,NA,1,NA,,NA,,,,,1 Shirt,,,,,22.5,48,48,26,12,42,36,48,,,,,,,
1179,SH00PK1179,SH00PK1179XS,SH00PK1179XS,Zummer Cotton Pink Floral Printed  Shirt,ZUMMER,"Zummer International Private Limited, B-4033, Aashirwad Textile Market, Opp. Landmark  Empires, Puna Khumbhariya, Near Tata Showroom, Magob, Surat, Gujarat 395011","Zummer International Private Limited, B-4033, Aashirwad Textile Market, Opp. Landmark  Empires, Puna Khumbhariya, Near Tata Showroom, Magob, Surat, Gujarat 395011",,India,,,,,Shirts,XS,XS,Yes,Pink,,61062010,SH00PK1179,3099,Adults-Women,Pink,Magenta,Brown,Fashion,Travel,2025,Summer,Zummer Cotton Pink Floral Printed  Shirt,,100% Cotton,,,,,,Cotton,Spread Collar,Long Sleeves,Regular Sleeves,Printed,Regular Fit,Casual,Regular,NA,Comfort,NA,Regular,Straight,Button Placket,Floral,New Basics,Machine Wash,Full,Button,Opaque,NA,Garment Measurements in,NA,Ready to Wear,NA,Regular,NA,1,NA,,NA,,,,,1 Shirt,,,,,17.5,40,40,25.5,21.75,32,26,23,,,,,,,
1179,SH00PK1179,SH00PK1179S,SH00PK1179S,Zummer Cotton Pink Floral Printed  Shirt,ZUMMER,"Zummer International Private Limited, B-4033, Aashirwad Textile Market, Opp. Landmark  Empires, Puna Khumbhariya, Near Tata Showroom, Magob, Surat, Gujarat 395011","Zummer International Private Limited, B-4033, Aashirwad Textile Market, Opp. Landmark  Empires, Puna Khumbhariya, Near Tata Showroom, Magob, Surat, Gujarat 395011",,India,,,,,Shirts,S,S,Yes,Pink,,61062010,SH00PK1179,3099,Adults-Women,Pink,Magenta,Brown,Fashion,Travel,2025,Summer,Zummer Cotton Pink Floral Printed  Shirt,,100% Cotton,,,,,,Cotton,Spread Collar,Long Sleeves,Regular Sleeves,Printed,Regular Fit,Casual,Regular,NA,Comfort,NA,Regular,Straight,Button Placket,Floral,New Basics,Machine Wash,Full,Button,Opaque,NA,Garment Measurements in,NA,Ready to Wear,NA,Regular,NA,1,NA,,NA,,,,,1 Shirt,,,,,18,42,42,26,22,34,28,25,,,,,,,
1179,SH00PK1179,SH00PK1179M,SH00PK1179M,Zummer Cotton Pink Floral Printed  Shirt,ZUMMER,"Zummer International Private Limited, B-4033, Aashirwad Textile Market, Opp. Landmark  Empires, Puna Khumbhariya, Near Tata Showroom, Magob, Surat, Gujarat 395011","Zummer International Private Limited, B-4033, Aashirwad Textile Market, Opp. Landmark  Empires, Puna Khumbhariya, Near Tata Showroom, Magob, Surat, Gujarat 395011",,India,,,,,Shirts,M,M,Yes,Pink,,61062010,SH00PK1179,3099,Adults-Women,Pink,Magenta,Brown,Fashion,Travel,2025,Summer,Zummer Cotton Pink Floral Printed  Shirt,,100% Cotton,,,,,,Cotton,Spread Collar,Long Sleeves,Regular Sleeves,Printed,Regular Fit,Casual,Regular,NA,Comfort,NA,Regular,Straight,Button Placket,Floral,New Basics,Machine Wash,Full,Button,Opaque,NA,Garment Measurements in,NA,Ready to Wear,NA,Regular,NA,1,NA,,NA,,,,,1 Shirt,,,,,18.5,44,44,26.5,22.25,36,30,27,,,,,,,
1179,SH00PK1179,SH00PK1179L,SH00PK1179L,Zummer Cotton Pink Floral Printed  Shirt,ZUMMER,"Zummer International Private Limited, B-4033, Aashirwad Textile Market, Opp. Landmark  Empires, Puna Khumbhariya, Near Tata Showroom, Magob, Surat, Gujarat 395011","Zummer International Private Limited, B-4033, Aashirwad Textile Market, Opp. Landmark  Empires, Puna Khumbhariya, Near Tata Showroom, Magob, Surat, Gujarat 395011",,India,,,,,Shirts,L,L,Yes,Pink,,61062010,SH00PK1179,3099,Adults-Women,Pink,Magenta,Brown,Fashion,Travel,2025,Summer,Zummer Cotton Pink Floral Printed  Shirt,,100% Cotton,,,,,,Cotton,Spread Collar,Long Sleeves,Regular Sleeves,Printed,Regular Fit,Casual,Regular,NA,Comfort,NA,Regular,Straight,Button Placket,Floral,New Basics,Machine Wash,Full,Button,Opaque,NA,Garment Measurements in,NA,Ready to Wear,NA,Regular,NA,1,NA,,NA,,,,,1 Shirt,,,,,19,46,46,27,22.5,38,32,29,,,,,,,
1179,SH00PK1179,SH00PK1179XL,SH00PK1179XL,Zummer Cotton Pink Floral Printed  Shirt,ZUMMER,"Zummer International Private Limited, B-4033, Aashirwad Textile Market, Opp. Landmark  Empires, Puna Khumbhariya, Near Tata Showroom, Magob, Surat, Gujarat 395011","Zummer International Private Limited, B-4033, Aashirwad Textile Market, Opp. Landmark  Empires, Puna Khumbhariya, Near Tata Showroom, Magob, Surat, Gujarat 395011",,India,,,,,Shirts,XL,XL,Yes,Pink,,61062010,SH00PK1179,3099,Adults-Women,Pink,Magenta,Brown,Fashion,Travel,2025,Summer,Zummer Cotton Pink Floral Printed  Shirt,,100% Cotton,,,,,,Cotton,Spread Collar,Long Sleeves,Regular Sleeves,Printed,Regular Fit,Casual,Regular,NA,Comfort,NA,Regular,Straight,Button Placket,Floral,New Basics,Machine Wash,Full,Button,Opaque,NA,Garment Measurements in,NA,Ready to Wear,NA,Regular,NA,1,NA,,NA,,,,,1 Shirt,,,,,19.5,48,48,27.5,22.75,40,34,31,,,,,,,
1179,SH00PK1179,SH00PK1179XXL,SH00PK1179XXL,Zummer Cotton Pink Floral Printed  Shirt,ZUMMER,"Zummer International Private Limited, B-4033, Aashirwad Textile Market, Opp. Landmark  Empires, Puna Khumbhariya, Near Tata Showroom, Magob, Surat, Gujarat 395011","Zummer International Private Limited, B-4033, Aashirwad Textile Market, Opp. Landmark  Empires, Puna Khumbhariya, Near Tata Showroom, Magob, Surat, Gujarat 395011",,India,,,,,Shirts,XXL,XXL,Yes,Pink,,61062010,SH00PK1179,3099,Adults-Women,Pink,Magenta,Brown,Fashion,Travel,2025,Summer,Zummer Cotton Pink Floral Printed  Shirt,,100% Cotton,,,,,,Cotton,Spread Collar,Long Sleeves,Regular Sleeves,Printed,Regular Fit,Casual,Regular,NA,Comfort,NA,Regular,Straight,Button Placket,Floral,New Basics,Machine Wash,Full,Button,Opaque,NA,Garment Measurements in,NA,Ready to Wear,NA,Regular,NA,1,NA,,NA,,,,,1 Shirt,,,,,20,50,50,28,23,42,36,33,,,,,,,
1180,SH00BK1180,SH00BK1180XS,SH00BK1180XS,Zummer Cotton Black Floral Printed  Shirt,ZUMMER,"Zummer International Private Limited, B-4033, Aashirwad Textile Market, Opp. Landmark  Empires, Puna Khumbhariya, Near Tata Showroom, Magob, Surat, Gujarat 395011","Zummer International Private Limited, B-4033, Aashirwad Textile Market, Opp. Landmark  Empires, Puna Khumbhariya, Near Tata Showroom, Magob, Surat, Gujarat 395011",,India,,,,,Shirts,XS,XS,Yes,Black,,61062010,SH00BK1180,3099,Adults-Women,Black,Charcoal,Brown,Fashion,Travel,2025,Summer,Zummer Cotton Black Floral Printed  Shirt,,100% Cotton,,,,,,Cotton,Spread Collar,Long Sleeves,Regular Sleeves,Printed,Regular Fit,Casual,Regular,NA,Comfort,NA,Regular,Straight,Button Placket,Floral,New Basics,Machine Wash,Full,Button,Opaque,NA,Garment Measurements in,NA,Ready to Wear,NA,Regular,NA,1,NA,,NA,,,,,1 Shirt,,,,,17.5,40,40,25.5,21.75,32,26,23,,,,,,,
1180,SH00BK1180,SH00BK1180S,SH00BK1180S,Zummer Cotton Black Floral Printed  Shirt,ZUMMER,"Zummer International Private Limited, B-4033, Aashirwad Textile Market, Opp. Landmark  Empires, Puna Khumbhariya, Near Tata Showroom, Magob, Surat, Gujarat 395011","Zummer International Private Limited, B-4033, Aashirwad Textile Market, Opp. Landmark  Empires, Puna Khumbhariya, Near Tata Showroom, Magob, Surat, Gujarat 395011",,India,,,,,Shirts,S,S,Yes,Black,,61062010,SH00BK1180,3099,Adults-Women,Black,Charcoal,Brown,Fashion,Travel,2025,Summer,Zummer Cotton Black Floral Printed  Shirt,,100% Cotton,,,,,,Cotton,Spread Collar,Long Sleeves,Regular Sleeves,Printed,Regular Fit,Casual,Regular,NA,Comfort,NA,Regular,Straight,Button Placket,Floral,New Basics,Machine Wash,Full,Button,Opaque,NA,Garment Measurements in,NA,Ready to Wear,NA,Regular,NA,1,NA,,NA,,,,,1 Shirt,,,,,18,42,42,26,22,34,28,25,,,,,,,
1180,SH00BK1180,SH00BK1180M,SH00BK1180M,Zummer Cotton Black Floral Printed  Shirt,ZUMMER,"Zummer International Private Limited, B-4033, Aashirwad Textile Market, Opp. Landmark  Empires, Puna Khumbhariya, Near Tata Showroom, Magob, Surat, Gujarat 395011","Zummer International Private Limited, B-4033, Aashirwad Textile Market, Opp. Landmark  Empires, Puna Khumbhariya, Near Tata Showroom, Magob, Surat, Gujarat 395011",,India,,,,,Shirts,M,M,Yes,Black,,61062010,SH00BK1180,3099,Adults-Women,Black,Charcoal,Brown,Fashion,Travel,2025,Summer,Zummer Cotton Black Floral Printed  Shirt,,100% Cotton,,,,,,Cotton,Spread Collar,Long Sleeves,Regular Sleeves,Printed,Regular Fit,Casual,Regular,NA,Comfort,NA,Regular,Straight,Button Placket,Floral,New Basics,Machine Wash,Full,Button,Opaque,NA,Garment Measurements in,NA,Ready to Wear,NA,Regular,NA,1,NA,,NA,,,,,1 Shirt,,,,,18.5,44,44,26.5,22.25,36,30,27,,,,,,,
1180,SH00BK1180,SH00BK1180L,SH00BK1180L,Zummer Cotton Black Floral Printed  Shirt,ZUMMER,"Zummer International Private Limited, B-4033, Aashirwad Textile Market, Opp. Landmark  Empires, Puna Khumbhariya, Near Tata Showroom, Magob, Surat, Gujarat 395011","Zummer International Private Limited, B-4033, Aashirwad Textile Market, Opp. Landmark  Empires, Puna Khumbhariya, Near Tata Showroom, Magob, Surat, Gujarat 395011",,India,,,,,Shirts,L,L,Yes,Black,,61062010,SH00BK1180,3099,Adults-Women,Black,Charcoal,Brown,Fashion,Travel,2025,Summer,Zummer Cotton Black Floral Printed  Shirt,,100% Cotton,,,,,,Cotton,Spread Collar,Long Sleeves,Regular Sleeves,Printed,Regular Fit,Casual,Regular,NA,Comfort,NA,Regular,Straight,Button Placket,Floral,New Basics,Machine Wash,Full,Button,Opaque,NA,Garment Measurements in,NA,Ready to Wear,NA,Regular,NA,1,NA,,NA,,,,,1 Shirt,,,,,19,46,46,27,22.5,38,32,29,,,,,,,
1180,SH00BK1180,SH00BK1180XL,SH00BK1180XL,Zummer Cotton Black Floral Printed  Shirt,ZUMMER,"Zummer International Private Limited, B-4033, Aashirwad Textile Market, Opp. Landmark  Empires, Puna Khumbhariya, Near Tata Showroom, Magob, Surat, Gujarat 395011","Zummer International Private Limited, B-4033, Aashirwad Textile Market, Opp. Landmark  Empires, Puna Khumbhariya, Near Tata Showroom, Magob, Surat, Gujarat 395011",,India,,,,,Shirts,XL,XL,Yes,Black,,61062010,SH00BK1180,3099,Adults-Women,Black,Charcoal,Brown,Fashion,Travel,2025,Summer,Zummer Cotton Black Floral Printed  Shirt,,100% Cotton,,,,,,Cotton,Spread Collar,Long Sleeves,Regular Sleeves,Printed,Regular Fit,Casual,Regular,NA,Comfort,NA,Regular,Straight,Button Placket,Floral,New Basics,Machine Wash,Full,Button,Opaque,NA,Garment Measurements in,NA,Ready to Wear,NA,Regular,NA,1,NA,,NA,,,,,1 Shirt,,,,,19.5,48,48,27.5,22.75,40,34,31,,,,,,,
1180,SH00BK1180,SH00BK1180XXL,SH00BK1180XXL,Zummer Cotton Black Floral Printed  Shirt,ZUMMER,"Zummer International Private Limited, B-4033, Aashirwad Textile Market, Opp. Landmark  Empires, Puna Khumbhariya, Near Tata Showroom, Magob, Surat, Gujarat 395011","Zummer International Private Limited, B-4033, Aashirwad Textile Market, Opp. Landmark  Empires, Puna Khumbhariya, Near Tata Showroom, Magob, Surat, Gujarat 395011",,India,,,,,Shirts,XXL,XXL,Yes,Black,,61062010,SH00BK1180,3099,Adults-Women,Black,Charcoal,Brown,Fashion,Travel,2025,Summer,Zummer Cotton Black Floral Printed  Shirt,,100% Cotton,,,,,,Cotton,Spread Collar,Long Sleeves,Regular Sleeves,Printed,Regular Fit,Casual,Regular,NA,Comfort,NA,Regular,Straight,Button Placket,Floral,New Basics,Machine Wash,Full,Button,Opaque,NA,Garment Measurements in,NA,Ready to Wear,NA,Regular,NA,1,NA,,NA,,,,,1 Shirt,,,,,20,50,50,28,23,42,36,33,,,,,,,
5191,SH00BK5191,SH00BK5191M,SH00BK5191M,Zummer Cotton Black Colourblocked Shirt,ZUMMER,"Zummer International Private Limited, B-4033, Aashirwad Textile Market, Opp. Landmark  Empires, Puna Khumbhariya, Near Tata Showroom, Magob, Surat, Gujarat 395010","Zummer International Private Limited, B-4033, Aashirwad Textile Market, Opp. Landmark  Empires, Puna Khumbhariya, Near Tata Showroom, Magob, Surat, Gujarat 395010",,India,,,,,Shirts,M,M,Yes,Black,,61062010,SH00BK5191,4399,Adults-Women,Black,Charcoal,Cream,Fashion,Smart Casual,2025,Fall,Zummer Cotton Black Colourblocked Shirt,,100% Cotton,,,,,,Cotton,Spread Collar,Long Sleeves,Puff Sleeves,Colourblocked,Boxy,Party,Regular,NA,Modern,Embellished,Regular,Straight,Button Placket,Floral,New Basics,Dry Clean,Full,,Opaque,NA,Garment Measurements in,NA,Ready to Wear,NA,Regular,NA,1,NA,,NA,,,,,1 Shirt,,,,,18,44,44,28.5,20,36,30,44,,,,,,,
5191,SH00BK5191,SH00BK5191L,SH00BK5191L,Zummer Cotton Black Colourblocked Shirt,ZUMMER,"Zummer International Private Limited, B-4033, Aashirwad Textile Market, Opp. Landmark  Empires, Puna Khumbhariya, Near Tata Showroom, Magob, Surat, Gujarat 395010","Zummer International Private Limited, B-4033, Aashirwad Textile Market, Opp. Landmark  Empires, Puna Khumbhariya, Near Tata Showroom, Magob, Surat, Gujarat 395010",,India,,,,,Shirts,L,L,Yes,Black,,61062010,SH00BK5191,4399,Adults-Women,Black,Charcoal,Cream,Fashion,Smart Casual,2025,Fall,Zummer Cotton Black Colourblocked Shirt,,100% Cotton,,,,,,Cotton,Spread Collar,Long Sleeves,Puff Sleeves,Colourblocked,Boxy,Party,Regular,NA,Modern,Embellished,Regular,Straight,Button Placket,Floral,New Basics,Dry Clean,Full,,Opaque,NA,Garment Measurements in,NA,Ready to Wear,NA,Regular,NA,1,NA,,NA,,,,,1 Shirt,,,,,18.5,46,46,28.5,20,38,32,46,,,,,,,
5191,SH00BK5191,SH00BK5191XL,SH00BK5191XL,Zummer Cotton Black Colourblocked Shirt,ZUMMER,"Zummer International Private Limited, B-4033, Aashirwad Textile Market, Opp. Landmark  Empires, Puna Khumbhariya, Near Tata Showroom, Magob, Surat, Gujarat 395010","Zummer International Private Limited, B-4033, Aashirwad Textile Market, Opp. Landmark  Empires, Puna Khumbhariya, Near Tata Showroom, Magob, Surat, Gujarat 395010",,India,,,,,Shirts,XL,XL,Yes,Black,,61062010,SH00BK5191,4399,Adults-Women,Black,Charcoal,Cream,Fashion,Smart Casual,2025,Fall,Zummer Cotton Black Colourblocked Shirt,,100% Cotton,,,,,,Cotton,Spread Collar,Long Sleeves,Puff Sleeves,Colourblocked,Boxy,Party,Regular,NA,Modern,Embellished,Regular,Straight,Button Placket,Floral,New Basics,Dry Clean,Full,,Opaque,NA,Garment Measurements in,NA,Ready to Wear,NA,Regular,NA,1,NA,,NA,,,,,1 Shirt,,,,,19,48,48,28.5,20,40,34,48,,,,,,,
5191,SH00BK5191,SH00BK5191XXL,SH00BK5191XXL,Zummer Cotton Black Colourblocked Shirt,ZUMMER,"Zummer International Private Limited, B-4033, Aashirwad Textile Market, Opp. Landmark  Empires, Puna Khumbhariya, Near Tata Showroom, Magob, Surat, Gujarat 395010","Zummer International Private Limited, B-4033, Aashirwad Textile Market, Opp. Landmark  Empires, Puna Khumbhariya, Near Tata Showroom, Magob, Surat, Gujarat 395010",,India,,,,,Shirts,XXL,XXL,Yes,Black,,61062010,SH00BK5191,4399,Adults-Women,Black,Charcoal,Cream,Fashion,Smart Casual,2025,Fall,Zummer Cotton Black Colourblocked Shirt,,100% Cotton,,,,,,Cotton,Spread Collar,Long Sleeves,Puff Sleeves,Colourblocked,Boxy,Party,Regular,NA,Modern,Embellished,Regular,Straight,Button Placket,Floral,New Basics,Dry Clean,Full,,Opaque,NA,Garment Measurements in,NA,Ready to Wear,NA,Regular,NA,1,NA,,NA,,,,,1 Shirt,,,,,19.5,50,50,28.5,20,42,36,50,,,,,,,